id,dotbracket,sequence,energy
ENST00000698539.1,.......(((.((((..(((((.....(((((((.((((((.....)))).))..)))))..))...))))))))).))),AGCAGUAGCAGAGGCAGCUUCUGAGAGCCUGGGCAGGCAGCAGCUGGCUGACCAAGUCCACUGGAAGAGAAGGCUUGUGC,-28.1
ENST00000378292.9,.((((((.......)))))).((((.((((((.(((((((..(((....)))...)))))))))))........)))))),GCGGCCGCACCCCCCGGCCGGGCCGUGCUUCUGCCCCUACAAGGUUUGGGCCGAGGUGGGGGAGGGUCCUGGUUGCCGGC,-37.2
ENST00000642527.1,((((...(((...)))..))))(((((.((.......)))))))(((((....................)))))......,AGAGUCCACAUCAUGUCUCUCUGAAGAACAGUUAAAGUGUCUUCUGGAUGAAUGCAUACUUAAACAAAAAUCCAUCAUUA,-10.7
ENST00000319481.8,....((((((((((((((((((..(((....))).)).))))))).))))...))))).((((((((....)))))).)),GUGGUCCCGGCGCCGGGUCCCGGAGACAGACGUUACGCGGGCUCGAGCGUCCUCGGGGAGUGCCAGCCAGAGUUGGUGAC,-35.6
ENST00000338983.7,....(((((.(...((((((((..(((..((....))....)))..))))).)))...)))))).(((.....)))....,CUUCCUCAUUGGCGCCGUGCAGAGAGGCGGAAUGUUCAACUCCUAACUGCAGCGGAAACGUGGGAGCCGCGCGGGCCGCU,-24.9
ENST00000263398.11,...........(((((((..(((((.....))))).)))))))..................(((.(((....)))..))),CUCAUUGCCCAGCGGACCCCAGCCUCUGCCAGGUUCGGUCCGCCAUCCUCGUCCCGUCCUCCGCCGGCCCCUGCCCCGCG,-23.6
ENST00000374429.6,................(((.((...))..))).((((..((((...((((........)).))...).)))..))))...,ACUUUCACUCUCCGUCAGCCGCAUUGCCCGCUCGGCGUCCGGCCCCCGACCCGCGCUCGUCCGCCCGCCCGCCCGCCCGC,-17.1
ENST00000865845.1,((((.((....)).))))..(((((.((((.(((............(((((....)))))...))).)))).)))))...,AGGCAGCCACUGUGGCCUCUGCGGCUAGGCCGGCUCGAGACUCCCGGGCGCCCAGGCGCUGCCGCCCGCCUCGCCGCCCC,-34.3
ENST00000316673.9,((((((((((((((((....))).))))....)))))..)))).((......((((((....))))))......))....,GCACUCACCGCCUUCCUGGUGGACGGGCUCCUGGUGGCUGUGCUGCUGCUGUGAGCGGGCCCCUGCUCCUCCAUGCCCCC,-29.3
ENST00000637069.1,..((.......)).((((..(((((((.((.((.((........)).)).)))))))))..))))...............,CUCCUUGUCUCGGCCGAUCAGCUGGGUGAGCCCUGGAACUGGAACCUGGACUGCCCAGUGUGUUGACUUUAUAACUCCGC,-20.9
